models,eval1,tau
AdaBoost,0.1988,0.05677976315616775
RandomForest,0.2746,0.040103200825268824
NeuralNet,0.1928,0.03134549939535543
